{"cameraMode":{"drawMode":0,"name":"Shaded","section":"Shading Mode"},"sceneLighting":false,"audioPlay":false,"sceneViewState":{"showFog":true,"showMaterialUpdate":false,"showSkybox":false,"showFlares":true,"showImageEffects":true,"showParticleSystems":true},"in2DMode":false,"pivot":{"x":-0.12222331762313843,"y":0.2185002565383911,"z":-0.18410074710845948},"rotation":{"x":0.3632267713546753,"y":-0.45579859614372256,"z":0.21097300946712495,"w":0.7847379446029663},"size":2.666025161743164,"orthographic":false}