{"cameraMode":{"drawMode":0,"name":"Shaded","section":"Shading Mode"},"sceneLighting":true,"audioPlay":false,"sceneViewState":{"showFog":true,"showMaterialUpdate":false,"showSkybox":true,"showFlares":true,"showImageEffects":true,"showParticleSystems":true},"in2DMode":false,"pivot":{"x":0.009998321533203125,"y":-3.1399998664855959,"z":0.0},"rotation":{"x":-0.22229720652103425,"y":-0.37109464406967165,"z":0.09141811728477478,"w":-0.8971207141876221},"size":47.717689514160159,"orthographic":false}